venta_producto_id,venta_id,producto_id,producto_nombre,categoria,talle,color,cantidad,precio_unitario,descuento_item,subtotal_item,total_item
VPI00001,VTA0001,PROD043,Top Deportivo,tops,M,Negro,1,21000,1000,21000,20000
VPI00002,VTA0001,PROD027,Campera Running,camperas,M,Verde,1,56000,0,56000,56000
VPI00003,VTA0002,PROD020,Calza Training,calzas,L,Gris,1,33000,1500,33000,31500
VPI00004,VTA0002,PROD019,Calza Training,calzas,L,Negro,1,35700,3000,35700,32700
VPI00005,VTA0002,PROD014,Calza Training,calzas,S,Gris,1,34100,3000,34100,31100
VPI00006,VTA0003,PROD049,Buzo Oversize,buzos,M,Blanco,1,52100,0,52100,52100
VPI00007,VTA0003,PROD016,Calza Training,calzas,M,Negro,1,31400,0,31400,31400
VPI00008,VTA0003,PROD044,Top Deportivo,tops,M,Rosa,1,21400,3000,21400,18400
VPI00009,VTA0004,PROD016,Calza Training,calzas,M,Negro,1,31400,0,31400,31400
VPI00010,VTA0004,PROD010,Remera Dry-Fit,remeras,XL,Negro,2,17800,0,35600,35600
VPI00011,VTA0005,PROD008,Remera Dry-Fit,remeras,L,Azul,2,17800,1500,35600,34100
VPI00012,VTA0005,PROD030,Campera Running,camperas,L,Verde,3,54500,3000,163500,160500
VPI00013,VTA0005,PROD009,Remera Dry-Fit,remeras,L,Blanco,1,17300,2000,17300,15300
VPI00014,VTA0006,PROD034,Short Deportivo,shorts,L,Gris,1,24300,1000,24300,23300
VPI00015,VTA0006,PROD032,Short Deportivo,shorts,M,Negro,1,25300,1000,25300,24300
VPI00016,VTA0007,PROD015,Calza Training,calzas,S,Violeta,1,34400,0,34400,34400
VPI00017,VTA0008,PROD027,Campera Running,camperas,M,Verde,1,56000,0,56000,56000
VPI00018,VTA0009,PROD048,Top Deportivo,tops,L,Blanco,2,24200,0,48400,48400
VPI00019,VTA0009,PROD035,Short Deportivo,shorts,L,Negro,1,25300,1000,25300,24300
VPI00020,VTA0010,PROD055,Buzo Oversize,buzos,XL,Blanco,2,48300,0,96600,96600
VPI00021,VTA0010,PROD030,Campera Running,camperas,L,Verde,2,54500,0,109000,109000
VPI00022,VTA0011,PROD021,Calza Training,calzas,L,Violeta,1,32500,2000,32500,30500
VPI00023,VTA0012,PROD023,Campera Running,camperas,S,Azul,2,53700,0,107400,107400
VPI00024,VTA0012,PROD015,Calza Training,calzas,S,Violeta,2,34400,0,68800,68800
VPI00025,VTA0012,PROD042,Top Deportivo,tops,S,Blanco,1,23000,0,23000,23000
VPI00026,VTA0012,PROD005,Remera Dry-Fit,remeras,M,Azul,1,19300,0,19300,19300
VPI00027,VTA0013,PROD011,Remera Dry-Fit,remeras,XL,Azul,1,19300,0,19300,19300
VPI00028,VTA0013,PROD039,Short Deportivo,shorts,XL,Azul,2,24900,0,49800,49800
VPI00029,VTA0014,PROD046,Top Deportivo,tops,L,Negro,1,24200,0,24200,24200
VPI00030,VTA0015,PROD042,Top Deportivo,tops,S,Blanco,1,23000,2000,23000,21000
VPI00031,VTA0016,PROD047,Top Deportivo,tops,L,Rosa,1,24400,1000,24400,23400
VPI00032,VTA0017,PROD029,Campera Running,camperas,L,Azul,1,57500,3000,57500,54500
VPI00033,VTA0018,PROD023,Campera Running,camperas,S,Azul,1,53700,1000,53700,52700
VPI00034,VTA0018,PROD052,Buzo Oversize,buzos,L,Blanco,2,52300,1000,104600,103600
VPI00035,VTA0019,PROD042,Top Deportivo,tops,S,Blanco,1,23000,0,23000,23000
VPI00036,VTA0019,PROD046,Top Deportivo,tops,L,Negro,1,24200,0,24200,24200
VPI00037,VTA0020,PROD048,Top Deportivo,tops,L,Blanco,1,24200,1500,24200,22700
VPI00038,VTA0021,PROD035,Short Deportivo,shorts,L,Negro,3,25300,0,75900,75900
VPI00039,VTA0022,PROD019,Calza Training,calzas,L,Negro,2,35700,1000,71400,70400
VPI00040,VTA0022,PROD007,Remera Dry-Fit,remeras,L,Negro,1,17300,0,17300,17300
VPI00041,VTA0023,PROD045,Top Deportivo,tops,M,Blanco,1,23500,3000,23500,20500
VPI00042,VTA0023,PROD009,Remera Dry-Fit,remeras,L,Blanco,1,17300,0,17300,17300
VPI00043,VTA0024,PROD059,Zapatilla Running,zapatillas,39,Azul,1,83500,0,83500,83500
VPI00044,VTA0025,PROD020,Calza Training,calzas,L,Gris,1,33000,2000,33000,31000
VPI00045,VTA0025,PROD006,Remera Dry-Fit,remeras,M,Blanco,1,18400,0,18400,18400
VPI00046,VTA0025,PROD016,Calza Training,calzas,M,Negro,2,31400,2000,62800,60800
VPI00047,VTA0026,PROD004,Remera Dry-Fit,remeras,M,Negro,3,18700,0,56100,56100
VPI00048,VTA0026,PROD040,Top Deportivo,tops,S,Negro,2,24000,0,48000,48000
VPI00049,VTA0027,PROD027,Campera Running,camperas,M,Verde,1,56000,3000,56000,53000
VPI00050,VTA0028,PROD015,Calza Training,calzas,S,Violeta,2,34400,0,68800,68800
VPI00051,VTA0029,PROD011,Remera Dry-Fit,remeras,XL,Azul,2,19300,1000,38600,37600
VPI00052,VTA0030,PROD006,Remera Dry-Fit,remeras,M,Blanco,1,18400,2000,18400,16400
VPI00053,VTA0030,PROD039,Short Deportivo,shorts,XL,Azul,1,24900,1000,24900,23900
VPI00054,VTA0031,PROD042,Top Deportivo,tops,S,Blanco,1,23000,1000,23000,22000
VPI00055,VTA0032,PROD022,Campera Running,camperas,S,Negro,1,54900,0,54900,54900
VPI00056,VTA0033,PROD036,Short Deportivo,shorts,L,Azul,1,25500,1000,25500,24500
VPI00057,VTA0033,PROD003,Remera Dry-Fit,remeras,S,Blanco,1,17500,2000,17500,15500
VPI00058,VTA0033,PROD030,Campera Running,camperas,L,Verde,2,54500,0,109000,109000
VPI00059,VTA0034,PROD049,Buzo Oversize,buzos,M,Blanco,1,52100,0,52100,52100
VPI00060,VTA0034,PROD004,Remera Dry-Fit,remeras,M,Negro,2,18700,3000,37400,34400
VPI00061,VTA0035,PROD001,Remera Dry-Fit,remeras,S,Negro,1,17800,0,17800,17800
VPI00062,VTA0036,PROD018,Calza Training,calzas,M,Violeta,2,30900,3000,61800,58800
VPI00063,VTA0036,PROD027,Campera Running,camperas,M,Verde,1,56000,0,56000,56000
VPI00064,VTA0037,PROD051,Buzo Oversize,buzos,M,Negro,2,47400,1500,94800,93300
VPI00065,VTA0038,PROD029,Campera Running,camperas,L,Azul,1,57500,2000,57500,55500
VPI00066,VTA0038,PROD035,Short Deportivo,shorts,L,Negro,1,25300,1500,25300,23800
VPI00067,VTA0038,PROD031,Short Deportivo,shorts,M,Gris,2,24700,0,49400,49400
VPI00068,VTA0039,PROD043,Top Deportivo,tops,M,Negro,2,21000,0,42000,42000
VPI00069,VTA0040,PROD059,Zapatilla Running,zapatillas,39,Azul,1,83500,3000,83500,80500
VPI00070,VTA0040,PROD056,Buzo Oversize,buzos,XL,Gris,1,53500,0,53500,53500
VPI00071,VTA0040,PROD029,Campera Running,camperas,L,Azul,1,57500,0,57500,57500
VPI00072,VTA0041,PROD056,Buzo Oversize,buzos,XL,Gris,1,53500,1500,53500,52000
VPI00073,VTA0041,PROD044,Top Deportivo,tops,M,Rosa,1,21400,3000,21400,18400
VPI00074,VTA0041,PROD035,Short Deportivo,shorts,L,Negro,2,25300,0,50600,50600
VPI00075,VTA0042,PROD028,Campera Running,camperas,L,Negro,2,57800,0,115600,115600
VPI00076,VTA0042,PROD007,Remera Dry-Fit,remeras,L,Negro,1,17300,1000,17300,16300
VPI00077,VTA0043,PROD027,Campera Running,camperas,M,Verde,1,56000,0,56000,56000
VPI00078,VTA0044,PROD038,Short Deportivo,shorts,XL,Negro,1,23900,1000,23900,22900
VPI00079,VTA0044,PROD010,Remera Dry-Fit,remeras,XL,Negro,1,17800,0,17800,17800
VPI00080,VTA0045,PROD020,Calza Training,calzas,L,Gris,1,33000,1000,33000,32000
VPI00081,VTA0045,PROD041,Top Deportivo,tops,S,Rosa,1,23300,2000,23300,21300
VPI00082,VTA0045,PROD028,Campera Running,camperas,L,Negro,2,57800,0,115600,115600
VPI00083,VTA0045,PROD045,Top Deportivo,tops,M,Blanco,1,23500,1500,23500,22000
VPI00084,VTA0046,PROD048,Top Deportivo,tops,L,Blanco,2,24200,1000,48400,47400
VPI00085,VTA0046,PROD032,Short Deportivo,shorts,M,Negro,2,25300,0,50600,50600
VPI00086,VTA0046,PROD055,Buzo Oversize,buzos,XL,Blanco,1,48300,1500,48300,46800
VPI00087,VTA0047,PROD041,Top Deportivo,tops,S,Rosa,1,23300,3000,23300,20300
VPI00088,VTA0047,PROD042,Top Deportivo,tops,S,Blanco,1,23000,1500,23000,21500
VPI00089,VTA0048,PROD024,Campera Running,camperas,S,Verde,1,59200,1000,59200,58200
VPI00090,VTA0048,PROD034,Short Deportivo,shorts,L,Gris,2,24300,1000,48600,47600
VPI00091,VTA0049,PROD047,Top Deportivo,tops,L,Rosa,3,24400,1500,73200,71700
VPI00092,VTA0049,PROD044,Top Deportivo,tops,M,Rosa,1,21400,2000,21400,19400
VPI00093,VTA0049,PROD026,Campera Running,camperas,M,Azul,1,60200,0,60200,60200
VPI00094,VTA0050,PROD015,Calza Training,calzas,S,Violeta,1,34400,1500,34400,32900
VPI00095,VTA0051,PROD008,Remera Dry-Fit,remeras,L,Azul,1,17800,0,17800,17800
VPI00096,VTA0051,PROD009,Remera Dry-Fit,remeras,L,Blanco,1,17300,3000,17300,14300
VPI00097,VTA0052,PROD048,Top Deportivo,tops,L,Blanco,1,24200,2000,24200,22200
VPI00098,VTA0053,PROD024,Campera Running,camperas,S,Verde,1,59200,3000,59200,56200
VPI00099,VTA0054,PROD018,Calza Training,calzas,M,Violeta,1,30900,0,30900,30900
VPI00100,VTA0055,PROD022,Campera Running,camperas,S,Negro,1,54900,0,54900,54900
VPI00101,VTA0056,PROD010,Remera Dry-Fit,remeras,XL,Negro,2,17800,0,35600,35600
VPI00102,VTA0057,PROD023,Campera Running,camperas,S,Azul,2,53700,0,107400,107400
VPI00103,VTA0058,PROD005,Remera Dry-Fit,remeras,M,Azul,1,19300,1500,19300,17800
VPI00104,VTA0059,PROD059,Zapatilla Running,zapatillas,39,Azul,1,83500,3000,83500,80500
VPI00105,VTA0059,PROD043,Top Deportivo,tops,M,Negro,1,21000,0,21000,21000
VPI00106,VTA0060,PROD006,Remera Dry-Fit,remeras,M,Blanco,1,18400,0,18400,18400
VPI00107,VTA0061,PROD039,Short Deportivo,shorts,XL,Azul,1,24900,3000,24900,21900
VPI00108,VTA0062,PROD014,Calza Training,calzas,S,Gris,1,34100,0,34100,34100
VPI00109,VTA0062,PROD028,Campera Running,camperas,L,Negro,1,57800,3000,57800,54800
VPI00110,VTA0063,PROD031,Short Deportivo,shorts,M,Gris,1,24700,0,24700,24700
VPI00111,VTA0063,PROD005,Remera Dry-Fit,remeras,M,Azul,1,19300,0,19300,19300
VPI00112,VTA0064,PROD027,Campera Running,camperas,M,Verde,2,56000,2000,112000,110000
VPI00113,VTA0064,PROD023,Campera Running,camperas,S,Azul,2,53700,0,107400,107400
VPI00114,VTA0065,PROD007,Remera Dry-Fit,remeras,L,Negro,1,17300,1500,17300,15800
VPI00115,VTA0066,PROD042,Top Deportivo,tops,S,Blanco,1,23000,1000,23000,22000
VPI00116,VTA0066,PROD036,Short Deportivo,shorts,L,Azul,1,25500,1000,25500,24500
VPI00117,VTA0067,PROD048,Top Deportivo,tops,L,Blanco,1,24200,0,24200,24200
VPI00118,VTA0068,PROD050,Buzo Oversize,buzos,M,Gris,1,52000,0,52000,52000
VPI00119,VTA0068,PROD037,Short Deportivo,shorts,XL,Gris,1,23900,0,23900,23900
VPI00120,VTA0069,PROD049,Buzo Oversize,buzos,M,Blanco,1,52100,1500,52100,50600
VPI00121,VTA0070,PROD026,Campera Running,camperas,M,Azul,3,60200,0,180600,180600
VPI00122,VTA0071,PROD001,Remera Dry-Fit,remeras,S,Negro,1,17800,2000,17800,15800
VPI00123,VTA0072,PROD059,Zapatilla Running,zapatillas,39,Azul,1,83500,2000,83500,81500
VPI00124,VTA0073,PROD026,Campera Running,camperas,M,Azul,1,60200,1500,60200,58700
VPI00125,VTA0074,PROD026,Campera Running,camperas,M,Azul,1,60200,2000,60200,58200
VPI00126,VTA0075,PROD050,Buzo Oversize,buzos,M,Gris,1,52000,0,52000,52000
VPI00127,VTA0075,PROD023,Campera Running,camperas,S,Azul,1,53700,0,53700,53700
VPI00128,VTA0076,PROD050,Buzo Oversize,buzos,M,Gris,1,52000,3000,52000,49000
VPI00129,VTA0077,PROD051,Buzo Oversize,buzos,M,Negro,1,47400,1500,47400,45900
VPI00130,VTA0077,PROD018,Calza Training,calzas,M,Violeta,1,30900,1000,30900,29900
VPI00131,VTA0078,PROD033,Short Deportivo,shorts,M,Azul,1,23700,0,23700,23700
VPI00132,VTA0078,PROD025,Campera Running,camperas,M,Negro,1,60800,0,60800,60800
VPI00133,VTA0079,PROD055,Buzo Oversize,buzos,XL,Blanco,1,48300,0,48300,48300
VPI00134,VTA0080,PROD024,Campera Running,camperas,S,Verde,1,59200,1500,59200,57700
VPI00135,VTA0080,PROD019,Calza Training,calzas,L,Negro,1,35700,0,35700,35700
VPI00136,VTA0081,PROD043,Top Deportivo,tops,M,Negro,2,21000,1500,42000,40500
VPI00137,VTA0081,PROD039,Short Deportivo,shorts,XL,Azul,1,24900,0,24900,24900
VPI00138,VTA0082,PROD025,Campera Running,camperas,M,Negro,1,60800,1500,60800,59300
VPI00139,VTA0083,PROD014,Calza Training,calzas,S,Gris,1,34100,3000,34100,31100
VPI00140,VTA0084,PROD035,Short Deportivo,shorts,L,Negro,1,25300,0,25300,25300
VPI00141,VTA0084,PROD055,Buzo Oversize,buzos,XL,Blanco,1,48300,0,48300,48300
VPI00142,VTA0085,PROD003,Remera Dry-Fit,remeras,S,Blanco,1,17500,0,17500,17500
VPI00143,VTA0085,PROD027,Campera Running,camperas,M,Verde,3,56000,1000,168000,167000
VPI00144,VTA0086,PROD013,Calza Training,calzas,S,Negro,2,34000,3000,68000,65000
VPI00145,VTA0086,PROD024,Campera Running,camperas,S,Verde,1,59200,1000,59200,58200
VPI00146,VTA0086,PROD044,Top Deportivo,tops,M,Rosa,2,21400,2000,42800,40800
VPI00147,VTA0087,PROD059,Zapatilla Running,zapatillas,39,Azul,1,83500,0,83500,83500
VPI00148,VTA0087,PROD024,Campera Running,camperas,S,Verde,1,59200,0,59200,59200
VPI00149,VTA0088,PROD015,Calza Training,calzas,S,Violeta,2,34400,1500,68800,67300
VPI00150,VTA0089,PROD002,Remera Dry-Fit,remeras,S,Azul,1,19300,0,19300,19300
VPI00151,VTA0090,PROD031,Short Deportivo,shorts,M,Gris,1,24700,0,24700,24700
VPI00152,VTA0090,PROD029,Campera Running,camperas,L,Azul,1,57500,0,57500,57500
VPI00153,VTA0091,PROD040,Top Deportivo,tops,S,Negro,1,24000,3000,24000,21000
VPI00154,VTA0091,PROD030,Campera Running,camperas,L,Verde,1,54500,0,54500,54500
VPI00155,VTA0092,PROD043,Top Deportivo,tops,M,Negro,1,21000,1500,21000,19500
VPI00156,VTA0093,PROD002,Remera Dry-Fit,remeras,S,Azul,1,19300,0,19300,19300
VPI00157,VTA0094,PROD023,Campera Running,camperas,S,Azul,1,53700,0,53700,53700
VPI00158,VTA0095,PROD013,Calza Training,calzas,S,Negro,1,34000,0,34000,34000
VPI00159,VTA0096,PROD049,Buzo Oversize,buzos,M,Blanco,1,52100,1000,52100,51100
VPI00160,VTA0097,PROD048,Top Deportivo,tops,L,Blanco,1,24200,0,24200,24200
VPI00161,VTA0097,PROD029,Campera Running,camperas,L,Azul,1,57500,3000,57500,54500
VPI00162,VTA0097,PROD025,Campera Running,camperas,M,Negro,1,60800,1000,60800,59800
VPI00163,VTA0098,PROD007,Remera Dry-Fit,remeras,L,Negro,1,17300,1000,17300,16300
VPI00164,VTA0099,PROD028,Campera Running,camperas,L,Negro,1,57800,0,57800,57800
VPI00165,VTA0099,PROD018,Calza Training,calzas,M,Violeta,1,30900,2000,30900,28900
VPI00166,VTA0100,PROD005,Remera Dry-Fit,remeras,M,Azul,1,19300,1500,19300,17800
VPI00167,VTA0101,PROD049,Buzo Oversize,buzos,M,Blanco,1,52100,0,52100,52100
VPI00168,VTA0102,PROD012,Remera Dry-Fit,remeras,XL,Blanco,1,19500,2000,19500,17500
VPI00169,VTA0103,PROD032,Short Deportivo,shorts,M,Negro,1,25300,0,25300,25300
VPI00170,VTA0104,PROD046,Top Deportivo,tops,L,Negro,1,24200,1000,24200,23200
VPI00171,VTA0104,PROD005,Remera Dry-Fit,remeras,M,Azul,2,19300,0,38600,38600
VPI00172,VTA0105,PROD032,Short Deportivo,shorts,M,Negro,1,25300,1500,25300,23800
VPI00173,VTA0106,PROD050,Buzo Oversize,buzos,M,Gris,2,52000,0,104000,104000
VPI00174,VTA0106,PROD027,Campera Running,camperas,M,Verde,1,56000,1500,56000,54500
VPI00175,VTA0107,PROD012,Remera Dry-Fit,remeras,XL,Blanco,3,19500,2000,58500,56500
VPI00176,VTA0107,PROD050,Buzo Oversize,buzos,M,Gris,1,52000,0,52000,52000
VPI00177,VTA0108,PROD034,Short Deportivo,shorts,L,Gris,2,24300,0,48600,48600
VPI00178,VTA0109,PROD038,Short Deportivo,shorts,XL,Negro,1,23900,1500,23900,22400
VPI00179,VTA0109,PROD010,Remera Dry-Fit,remeras,XL,Negro,2,17800,0,35600,35600
VPI00180,VTA0110,PROD027,Campera Running,camperas,M,Verde,1,56000,3000,56000,53000
VPI00181,VTA0110,PROD040,Top Deportivo,tops,S,Negro,2,24000,1000,48000,47000
VPI00182,VTA0111,PROD027,Campera Running,camperas,M,Verde,1,56000,0,56000,56000
VPI00183,VTA0112,PROD026,Campera Running,camperas,M,Azul,1,60200,1500,60200,58700
VPI00184,VTA0113,PROD019,Calza Training,calzas,L,Negro,2,35700,2000,71400,69400
VPI00185,VTA0114,PROD033,Short Deportivo,shorts,M,Azul,1,23700,1000,23700,22700
VPI00186,VTA0114,PROD030,Campera Running,camperas,L,Verde,1,54500,0,54500,54500
VPI00187,VTA0115,PROD055,Buzo Oversize,buzos,XL,Blanco,1,48300,1000,48300,47300
VPI00188,VTA0115,PROD042,Top Deportivo,tops,S,Blanco,1,23000,0,23000,23000
VPI00189,VTA0116,PROD037,Short Deportivo,shorts,XL,Gris,1,23900,1500,23900,22400
VPI00190,VTA0117,PROD008,Remera Dry-Fit,remeras,L,Azul,3,17800,2000,53400,51400
VPI00191,VTA0117,PROD009,Remera Dry-Fit,remeras,L,Blanco,1,17300,1500,17300,15800
VPI00192,VTA0118,PROD046,Top Deportivo,tops,L,Negro,1,24200,3000,24200,21200
VPI00193,VTA0119,PROD040,Top Deportivo,tops,S,Negro,1,24000,1000,24000,23000
VPI00194,VTA0120,PROD051,Buzo Oversize,buzos,M,Negro,2,47400,0,94800,94800
VPI00195,VTA0120,PROD047,Top Deportivo,tops,L,Rosa,1,24400,1000,24400,23400
VPI00196,VTA0121,PROD025,Campera Running,camperas,M,Negro,2,60800,0,121600,121600
VPI00197,VTA0121,PROD010,Remera Dry-Fit,remeras,XL,Negro,1,17800,0,17800,17800
VPI00198,VTA0122,PROD050,Buzo Oversize,buzos,M,Gris,1,52000,3000,52000,49000
VPI00199,VTA0123,PROD025,Campera Running,camperas,M,Negro,1,60800,0,60800,60800
VPI00200,VTA0124,PROD013,Calza Training,calzas,S,Negro,1,34000,1000,34000,33000
VPI00201,VTA0124,PROD016,Calza Training,calzas,M,Negro,1,31400,1000,31400,30400
VPI00202,VTA0125,PROD037,Short Deportivo,shorts,XL,Gris,1,23900,2000,23900,21900
VPI00203,VTA0126,PROD029,Campera Running,camperas,L,Azul,1,57500,3000,57500,54500
VPI00204,VTA0127,PROD040,Top Deportivo,tops,S,Negro,1,24000,0,24000,24000
VPI00205,VTA0128,PROD009,Remera Dry-Fit,remeras,L,Blanco,3,17300,0,51900,51900
VPI00206,VTA0128,PROD001,Remera Dry-Fit,remeras,S,Negro,1,17800,3000,17800,14800
VPI00207,VTA0129,PROD015,Calza Training,calzas,S,Violeta,1,34400,0,34400,34400
VPI00208,VTA0129,PROD035,Short Deportivo,shorts,L,Negro,2,25300,0,50600,50600
VPI00209,VTA0130,PROD001,Remera Dry-Fit,remeras,S,Negro,1,17800,1500,17800,16300
VPI00210,VTA0130,PROD020,Calza Training,calzas,L,Gris,1,33000,3000,33000,30000
VPI00211,VTA0130,PROD037,Short Deportivo,shorts,XL,Gris,2,23900,0,47800,47800
VPI00212,VTA0131,PROD001,Remera Dry-Fit,remeras,S,Negro,1,17800,1000,17800,16800
VPI00213,VTA0131,PROD048,Top Deportivo,tops,L,Blanco,1,24200,0,24200,24200
VPI00214,VTA0132,PROD009,Remera Dry-Fit,remeras,L,Blanco,1,17300,0,17300,17300
VPI00215,VTA0133,PROD047,Top Deportivo,tops,L,Rosa,1,24400,1000,24400,23400
VPI00216,VTA0134,PROD046,Top Deportivo,tops,L,Negro,1,24200,0,24200,24200
VPI00217,VTA0134,PROD050,Buzo Oversize,buzos,M,Gris,1,52000,1000,52000,51000
VPI00218,VTA0135,PROD045,Top Deportivo,tops,M,Blanco,1,23500,3000,23500,20500
VPI00219,VTA0136,PROD034,Short Deportivo,shorts,L,Gris,1,24300,0,24300,24300
VPI00220,VTA0136,PROD046,Top Deportivo,tops,L,Negro,1,24200,0,24200,24200
VPI00221,VTA0137,PROD033,Short Deportivo,shorts,M,Azul,2,23700,3000,47400,44400
VPI00222,VTA0137,PROD029,Campera Running,camperas,L,Azul,1,57500,2000,57500,55500
VPI00223,VTA0138,PROD053,Buzo Oversize,buzos,L,Gris,1,48900,0,48900,48900
VPI00224,VTA0139,PROD005,Remera Dry-Fit,remeras,M,Azul,1,19300,0,19300,19300
VPI00225,VTA0139,PROD031,Short Deportivo,shorts,M,Gris,2,24700,2000,49400,47400
VPI00226,VTA0139,PROD003,Remera Dry-Fit,remeras,S,Blanco,1,17500,2000,17500,15500
VPI00227,VTA0140,PROD059,Zapatilla Running,zapatillas,39,Azul,1,83500,0,83500,83500
VPI00228,VTA0141,PROD047,Top Deportivo,tops,L,Rosa,1,24400,2000,24400,22400
VPI00229,VTA0142,PROD043,Top Deportivo,tops,M,Negro,1,21000,0,21000,21000
VPI00230,VTA0143,PROD003,Remera Dry-Fit,remeras,S,Blanco,1,17500,0,17500,17500
VPI00231,VTA0144,PROD047,Top Deportivo,tops,L,Rosa,1,24400,1500,24400,22900
VPI00232,VTA0144,PROD037,Short Deportivo,shorts,XL,Gris,1,23900,0,23900,23900
VPI00233,VTA0144,PROD021,Calza Training,calzas,L,Violeta,3,32500,0,97500,97500
VPI00234,VTA0145,PROD028,Campera Running,camperas,L,Negro,1,57800,1500,57800,56300
VPI00235,VTA0145,PROD036,Short Deportivo,shorts,L,Azul,2,25500,2000,51000,49000
VPI00236,VTA0146,PROD056,Buzo Oversize,buzos,XL,Gris,1,53500,0,53500,53500
VPI00237,VTA0147,PROD016,Calza Training,calzas,M,Negro,1,31400,1500,31400,29900
VPI00238,VTA0148,PROD039,Short Deportivo,shorts,XL,Azul,1,24900,0,24900,24900
VPI00239,VTA0149,PROD001,Remera Dry-Fit,remeras,S,Negro,1,17800,0,17800,17800
VPI00240,VTA0150,PROD050,Buzo Oversize,buzos,M,Gris,1,52000,1500,52000,50500
VPI00241,VTA0150,PROD019,Calza Training,calzas,L,Negro,1,35700,1500,35700,34200
VPI00242,VTA0151,PROD027,Campera Running,camperas,M,Verde,1,56000,0,56000,56000
VPI00243,VTA0152,PROD015,Calza Training,calzas,S,Violeta,1,34400,0,34400,34400
VPI00244,VTA0153,PROD047,Top Deportivo,tops,L,Rosa,2,24400,0,48800,48800
VPI00245,VTA0154,PROD005,Remera Dry-Fit,remeras,M,Azul,1,19300,0,19300,19300
VPI00246,VTA0154,PROD053,Buzo Oversize,buzos,L,Gris,1,48900,0,48900,48900
VPI00247,VTA0154,PROD043,Top Deportivo,tops,M,Negro,1,21000,0,21000,21000
VPI00248,VTA0155,PROD002,Remera Dry-Fit,remeras,S,Azul,1,19300,2000,19300,17300
VPI00249,VTA0155,PROD001,Remera Dry-Fit,remeras,S,Negro,1,17800,1000,17800,16800
VPI00250,VTA0156,PROD007,Remera Dry-Fit,remeras,L,Negro,1,17300,0,17300,17300
VPI00251,VTA0157,PROD016,Calza Training,calzas,M,Negro,3,31400,0,94200,94200
VPI00252,VTA0158,PROD031,Short Deportivo,shorts,M,Gris,1,24700,0,24700,24700
VPI00253,VTA0159,PROD003,Remera Dry-Fit,remeras,S,Blanco,2,17500,3000,35000,32000
VPI00254,VTA0159,PROD015,Calza Training,calzas,S,Violeta,1,34400,0,34400,34400
VPI00255,VTA0159,PROD014,Calza Training,calzas,S,Gris,1,34100,1000,34100,33100
VPI00256,VTA0160,PROD046,Top Deportivo,tops,L,Negro,1,24200,0,24200,24200
VPI00257,VTA0160,PROD053,Buzo Oversize,buzos,L,Gris,1,48900,0,48900,48900
VPI00258,VTA0161,PROD023,Campera Running,camperas,S,Azul,1,53700,0,53700,53700
VPI00259,VTA0161,PROD004,Remera Dry-Fit,remeras,M,Negro,2,18700,1500,37400,35900
VPI00260,VTA0162,PROD023,Campera Running,camperas,S,Azul,2,53700,2000,107400,105400
VPI00261,VTA0162,PROD036,Short Deportivo,shorts,L,Azul,1,25500,2000,25500,23500
VPI00262,VTA0163,PROD041,Top Deportivo,tops,S,Rosa,1,23300,1500,23300,21800
VPI00263,VTA0163,PROD010,Remera Dry-Fit,remeras,XL,Negro,1,17800,0,17800,17800
VPI00264,VTA0164,PROD029,Campera Running,camperas,L,Azul,1,57500,2000,57500,55500
VPI00265,VTA0165,PROD001,Remera Dry-Fit,remeras,S,Negro,1,17800,0,17800,17800
VPI00266,VTA0165,PROD019,Calza Training,calzas,L,Negro,1,35700,0,35700,35700
VPI00267,VTA0165,PROD027,Campera Running,camperas,M,Verde,1,56000,0,56000,56000
VPI00268,VTA0166,PROD018,Calza Training,calzas,M,Violeta,1,30900,3000,30900,27900
VPI00269,VTA0167,PROD007,Remera Dry-Fit,remeras,L,Negro,1,17300,0,17300,17300
VPI00270,VTA0168,PROD053,Buzo Oversize,buzos,L,Gris,2,48900,0,97800,97800
VPI00271,VTA0169,PROD019,Calza Training,calzas,L,Negro,1,35700,0,35700,35700
VPI00272,VTA0169,PROD048,Top Deportivo,tops,L,Blanco,1,24200,1000,24200,23200
VPI00273,VTA0169,PROD045,Top Deportivo,tops,M,Blanco,2,23500,2000,47000,45000
VPI00274,VTA0169,PROD041,Top Deportivo,tops,S,Rosa,1,23300,0,23300,23300
VPI00275,VTA0170,PROD051,Buzo Oversize,buzos,M,Negro,1,47400,1000,47400,46400
VPI00276,VTA0170,PROD027,Campera Running,camperas,M,Verde,1,56000,0,56000,56000
VPI00277,VTA0170,PROD044,Top Deportivo,tops,M,Rosa,1,21400,2000,21400,19400
VPI00278,VTA0171,PROD051,Buzo Oversize,buzos,M,Negro,1,47400,0,47400,47400
VPI00279,VTA0171,PROD024,Campera Running,camperas,S,Verde,1,59200,0,59200,59200
VPI00280,VTA0172,PROD026,Campera Running,camperas,M,Azul,1,60200,2000,60200,58200
VPI00281,VTA0172,PROD049,Buzo Oversize,buzos,M,Blanco,1,52100,0,52100,52100
VPI00282,VTA0173,PROD026,Campera Running,camperas,M,Azul,1,60200,0,60200,60200
VPI00283,VTA0174,PROD047,Top Deportivo,tops,L,Rosa,1,24400,1000,24400,23400
VPI00284,VTA0175,PROD020,Calza Training,calzas,L,Gris,1,33000,0,33000,33000
VPI00285,VTA0176,PROD036,Short Deportivo,shorts,L,Azul,1,25500,2000,25500,23500
VPI00286,VTA0176,PROD011,Remera Dry-Fit,remeras,XL,Azul,3,19300,0,57900,57900
VPI00287,VTA0177,PROD029,Campera Running,camperas,L,Azul,1,57500,0,57500,57500
VPI00288,VTA0177,PROD038,Short Deportivo,shorts,XL,Negro,1,23900,0,23900,23900
VPI00289,VTA0177,PROD028,Campera Running,camperas,L,Negro,1,57800,0,57800,57800
VPI00290,VTA0178,PROD041,Top Deportivo,tops,S,Rosa,1,23300,2000,23300,21300
VPI00291,VTA0178,PROD021,Calza Training,calzas,L,Violeta,1,32500,1500,32500,31000
VPI00292,VTA0179,PROD038,Short Deportivo,shorts,XL,Negro,1,23900,0,23900,23900
VPI00293,VTA0179,PROD006,Remera Dry-Fit,remeras,M,Blanco,1,18400,0,18400,18400
VPI00294,VTA0179,PROD044,Top Deportivo,tops,M,Rosa,1,21400,0,21400,21400
VPI00295,VTA0180,PROD045,Top Deportivo,tops,M,Blanco,2,23500,0,47000,47000
VPI00296,VTA0180,PROD042,Top Deportivo,tops,S,Blanco,1,23000,3000,23000,20000
VPI00297,VTA0181,PROD032,Short Deportivo,shorts,M,Negro,1,25300,3000,25300,22300
VPI00298,VTA0181,PROD009,Remera Dry-Fit,remeras,L,Blanco,1,17300,3000,17300,14300
VPI00299,VTA0181,PROD013,Calza Training,calzas,S,Negro,1,34000,3000,34000,31000
VPI00300,VTA0181,PROD053,Buzo Oversize,buzos,L,Gris,1,48900,0,48900,48900
VPI00301,VTA0182,PROD037,Short Deportivo,shorts,XL,Gris,2,23900,3000,47800,44800
VPI00302,VTA0182,PROD048,Top Deportivo,tops,L,Blanco,1,24200,0,24200,24200
VPI00303,VTA0183,PROD028,Campera Running,camperas,L,Negro,1,57800,0,57800,57800
VPI00304,VTA0183,PROD007,Remera Dry-Fit,remeras,L,Negro,1,17300,0,17300,17300
VPI00305,VTA0184,PROD016,Calza Training,calzas,M,Negro,2,31400,1500,62800,61300
VPI00306,VTA0184,PROD014,Calza Training,calzas,S,Gris,2,34100,2000,68200,66200
VPI00307,VTA0185,PROD035,Short Deportivo,shorts,L,Negro,1,25300,1000,25300,24300
VPI00308,VTA0186,PROD018,Calza Training,calzas,M,Violeta,1,30900,0,30900,30900
VPI00309,VTA0186,PROD059,Zapatilla Running,zapatillas,39,Azul,1,83500,1500,83500,82000
VPI00310,VTA0186,PROD042,Top Deportivo,tops,S,Blanco,2,23000,2000,46000,44000
VPI00311,VTA0187,PROD051,Buzo Oversize,buzos,M,Negro,2,47400,0,94800,94800
VPI00312,VTA0188,PROD050,Buzo Oversize,buzos,M,Gris,2,52000,0,104000,104000
VPI00313,VTA0189,PROD032,Short Deportivo,shorts,M,Negro,2,25300,1500,50600,49100
VPI00314,VTA0189,PROD018,Calza Training,calzas,M,Violeta,1,30900,0,30900,30900
VPI00315,VTA0189,PROD021,Calza Training,calzas,L,Violeta,1,32500,3000,32500,29500
VPI00316,VTA0190,PROD056,Buzo Oversize,buzos,XL,Gris,1,53500,3000,53500,50500
VPI00317,VTA0191,PROD018,Calza Training,calzas,M,Violeta,1,30900,1500,30900,29400
VPI00318,VTA0192,PROD041,Top Deportivo,tops,S,Rosa,1,23300,0,23300,23300
VPI00319,VTA0193,PROD034,Short Deportivo,shorts,L,Gris,1,24300,0,24300,24300
VPI00320,VTA0193,PROD044,Top Deportivo,tops,M,Rosa,1,21400,0,21400,21400
VPI00321,VTA0194,PROD024,Campera Running,camperas,S,Verde,2,59200,0,118400,118400
VPI00322,VTA0195,PROD011,Remera Dry-Fit,remeras,XL,Azul,1,19300,0,19300,19300
VPI00323,VTA0195,PROD029,Campera Running,camperas,L,Azul,1,57500,0,57500,57500
VPI00324,VTA0196,PROD038,Short Deportivo,shorts,XL,Negro,1,23900,2000,23900,21900
VPI00325,VTA0196,PROD047,Top Deportivo,tops,L,Rosa,1,24400,0,24400,24400
VPI00326,VTA0197,PROD045,Top Deportivo,tops,M,Blanco,1,23500,1000,23500,22500
VPI00327,VTA0198,PROD008,Remera Dry-Fit,remeras,L,Azul,1,17800,0,17800,17800
VPI00328,VTA0198,PROD016,Calza Training,calzas,M,Negro,1,31400,0,31400,31400
VPI00329,VTA0199,PROD044,Top Deportivo,tops,M,Rosa,1,21400,3000,21400,18400
VPI00330,VTA0200,PROD026,Campera Running,camperas,M,Azul,1,60200,2000,60200,58200
VPI00331,VTA0200,PROD033,Short Deportivo,shorts,M,Azul,1,23700,2000,23700,21700
VPI00332,VTA0200,PROD019,Calza Training,calzas,L,Negro,1,35700,0,35700,35700
VPI00333,VTA0201,PROD026,Campera Running,camperas,M,Azul,1,60200,0,60200,60200
VPI00334,VTA0201,PROD038,Short Deportivo,shorts,XL,Negro,1,23900,2000,23900,21900
VPI00335,VTA0202,PROD039,Short Deportivo,shorts,XL,Azul,1,24900,0,24900,24900
VPI00336,VTA0203,PROD051,Buzo Oversize,buzos,M,Negro,1,47400,0,47400,47400
VPI00337,VTA0203,PROD053,Buzo Oversize,buzos,L,Gris,1,48900,1000,48900,47900
VPI00338,VTA0204,PROD032,Short Deportivo,shorts,M,Negro,1,25300,0,25300,25300
VPI00339,VTA0204,PROD030,Campera Running,camperas,L,Verde,1,54500,0,54500,54500
VPI00340,VTA0205,PROD033,Short Deportivo,shorts,M,Azul,1,23700,0,23700,23700
VPI00341,VTA0206,PROD052,Buzo Oversize,buzos,L,Blanco,2,52300,2000,104600,102600
VPI00342,VTA0207,PROD005,Remera Dry-Fit,remeras,M,Azul,1,19300,0,19300,19300
VPI00343,VTA0208,PROD030,Campera Running,camperas,L,Verde,2,54500,1000,109000,108000
VPI00344,VTA0209,PROD048,Top Deportivo,tops,L,Blanco,1,24200,1500,24200,22700
VPI00345,VTA0209,PROD040,Top Deportivo,tops,S,Negro,1,24000,3000,24000,21000
VPI00346,VTA0210,PROD023,Campera Running,camperas,S,Azul,1,53700,0,53700,53700
VPI00347,VTA0211,PROD016,Calza Training,calzas,M,Negro,1,31400,0,31400,31400
VPI00348,VTA0212,PROD024,Campera Running,camperas,S,Verde,3,59200,0,177600,177600
VPI00349,VTA0212,PROD030,Campera Running,camperas,L,Verde,1,54500,0,54500,54500
VPI00350,VTA0213,PROD017,Calza Training,calzas,M,Gris,2,32900,2000,65800,63800
VPI00351,VTA0214,PROD038,Short Deportivo,shorts,XL,Negro,1,23900,0,23900,23900
VPI00352,VTA0214,PROD007,Remera Dry-Fit,remeras,L,Negro,1,17300,1500,17300,15800
VPI00353,VTA0215,PROD044,Top Deportivo,tops,M,Rosa,1,21400,0,21400,21400
VPI00354,VTA0216,PROD020,Calza Training,calzas,L,Gris,1,33000,0,33000,33000
VPI00355,VTA0217,PROD051,Buzo Oversize,buzos,M,Negro,1,47400,0,47400,47400
VPI00356,VTA0218,PROD017,Calza Training,calzas,M,Gris,1,32900,0,32900,32900
VPI00357,VTA0218,PROD053,Buzo Oversize,buzos,L,Gris,1,48900,3000,48900,45900
VPI00358,VTA0219,PROD028,Campera Running,camperas,L,Negro,1,57800,0,57800,57800
VPI00359,VTA0219,PROD053,Buzo Oversize,buzos,L,Gris,1,48900,2000,48900,46900
VPI00360,VTA0219,PROD047,Top Deportivo,tops,L,Rosa,1,24400,0,24400,24400
VPI00361,VTA0220,PROD040,Top Deportivo,tops,S,Negro,1,24000,3000,24000,21000
VPI00362,VTA0220,PROD016,Calza Training,calzas,M,Negro,1,31400,3000,31400,28400
VPI00363,VTA0221,PROD052,Buzo Oversize,buzos,L,Blanco,1,52300,0,52300,52300
VPI00364,VTA0222,PROD025,Campera Running,camperas,M,Negro,1,60800,1500,60800,59300
VPI00365,VTA0222,PROD018,Calza Training,calzas,M,Violeta,1,30900,0,30900,30900
VPI00366,VTA0223,PROD007,Remera Dry-Fit,remeras,L,Negro,1,17300,0,17300,17300
VPI00367,VTA0223,PROD016,Calza Training,calzas,M,Negro,2,31400,0,62800,62800
VPI00368,VTA0223,PROD043,Top Deportivo,tops,M,Negro,1,21000,2000,21000,19000
VPI00369,VTA0223,PROD018,Calza Training,calzas,M,Violeta,1,30900,0,30900,30900
VPI00370,VTA0224,PROD045,Top Deportivo,tops,M,Blanco,1,23500,0,23500,23500
VPI00371,VTA0225,PROD015,Calza Training,calzas,S,Violeta,1,34400,3000,34400,31400
VPI00372,VTA0226,PROD056,Buzo Oversize,buzos,XL,Gris,1,53500,0,53500,53500
VPI00373,VTA0226,PROD059,Zapatilla Running,zapatillas,39,Azul,1,83500,0,83500,83500
VPI00374,VTA0226,PROD021,Calza Training,calzas,L,Violeta,2,32500,1500,65000,63500
VPI00375,VTA0227,PROD011,Remera Dry-Fit,remeras,XL,Azul,1,19300,2000,19300,17300
VPI00376,VTA0228,PROD015,Calza Training,calzas,S,Violeta,1,34400,0,34400,34400
VPI00377,VTA0228,PROD043,Top Deportivo,tops,M,Negro,1,21000,1000,21000,20000
VPI00378,VTA0229,PROD037,Short Deportivo,shorts,XL,Gris,1,23900,3000,23900,20900
VPI00379,VTA0230,PROD043,Top Deportivo,tops,M,Negro,2,21000,3000,42000,39000
VPI00380,VTA0230,PROD041,Top Deportivo,tops,S,Rosa,1,23300,0,23300,23300
VPI00381,VTA0230,PROD047,Top Deportivo,tops,L,Rosa,1,24400,0,24400,24400
VPI00382,VTA0231,PROD027,Campera Running,camperas,M,Verde,1,56000,0,56000,56000
VPI00383,VTA0231,PROD032,Short Deportivo,shorts,M,Negro,2,25300,0,50600,50600
VPI00384,VTA0231,PROD025,Campera Running,camperas,M,Negro,1,60800,0,60800,60800
VPI00385,VTA0231,PROD023,Campera Running,camperas,S,Azul,2,53700,0,107400,107400
VPI00386,VTA0232,PROD025,Campera Running,camperas,M,Negro,1,60800,0,60800,60800
VPI00387,VTA0233,PROD042,Top Deportivo,tops,S,Blanco,1,23000,2000,23000,21000
VPI00388,VTA0234,PROD019,Calza Training,calzas,L,Negro,1,35700,0,35700,35700
VPI00389,VTA0235,PROD006,Remera Dry-Fit,remeras,M,Blanco,1,18400,3000,18400,15400
VPI00390,VTA0236,PROD008,Remera Dry-Fit,remeras,L,Azul,1,17800,2000,17800,15800
VPI00391,VTA0237,PROD025,Campera Running,camperas,M,Negro,1,60800,3000,60800,57800
VPI00392,VTA0238,PROD049,Buzo Oversize,buzos,M,Blanco,1,52100,0,52100,52100
VPI00393,VTA0239,PROD035,Short Deportivo,shorts,L,Negro,1,25300,3000,25300,22300
VPI00394,VTA0240,PROD034,Short Deportivo,shorts,L,Gris,1,24300,0,24300,24300
VPI00395,VTA0240,PROD052,Buzo Oversize,buzos,L,Blanco,1,52300,3000,52300,49300
VPI00396,VTA0241,PROD053,Buzo Oversize,buzos,L,Gris,1,48900,1000,48900,47900
VPI00397,VTA0242,PROD059,Zapatilla Running,zapatillas,39,Azul,2,83500,2000,167000,165000
VPI00398,VTA0242,PROD001,Remera Dry-Fit,remeras,S,Negro,1,17800,0,17800,17800
VPI00399,VTA0243,PROD027,Campera Running,camperas,M,Verde,1,56000,3000,56000,53000
VPI00400,VTA0243,PROD017,Calza Training,calzas,M,Gris,1,32900,1000,32900,31900
VPI00401,VTA0243,PROD025,Campera Running,camperas,M,Negro,1,60800,2000,60800,58800
VPI00402,VTA0244,PROD002,Remera Dry-Fit,remeras,S,Azul,2,19300,1000,38600,37600
VPI00403,VTA0244,PROD022,Campera Running,camperas,S,Negro,1,54900,3000,54900,51900
VPI00404,VTA0244,PROD053,Buzo Oversize,buzos,L,Gris,2,48900,0,97800,97800
VPI00405,VTA0245,PROD006,Remera Dry-Fit,remeras,M,Blanco,1,18400,2000,18400,16400
VPI00406,VTA0245,PROD013,Calza Training,calzas,S,Negro,1,34000,1500,34000,32500
VPI00407,VTA0246,PROD002,Remera Dry-Fit,remeras,S,Azul,2,19300,0,38600,38600
VPI00408,VTA0246,PROD012,Remera Dry-Fit,remeras,XL,Blanco,2,19500,0,39000,39000
VPI00409,VTA0246,PROD013,Calza Training,calzas,S,Negro,1,34000,0,34000,34000
VPI00410,VTA0247,PROD016,Calza Training,calzas,M,Negro,1,31400,3000,31400,28400
VPI00411,VTA0247,PROD024,Campera Running,camperas,S,Verde,1,59200,3000,59200,56200
VPI00412,VTA0248,PROD004,Remera Dry-Fit,remeras,M,Negro,1,18700,0,18700,18700
VPI00413,VTA0249,PROD050,Buzo Oversize,buzos,M,Gris,1,52000,0,52000,52000
VPI00414,VTA0249,PROD044,Top Deportivo,tops,M,Rosa,1,21400,0,21400,21400
VPI00415,VTA0249,PROD001,Remera Dry-Fit,remeras,S,Negro,1,17800,1000,17800,16800
VPI00416,VTA0250,PROD053,Buzo Oversize,buzos,L,Gris,1,48900,0,48900,48900
VPI00417,VTA0250,PROD040,Top Deportivo,tops,S,Negro,1,24000,1500,24000,22500
VPI00418,VTA0251,PROD059,Zapatilla Running,zapatillas,39,Azul,1,83500,1000,83500,82500
VPI00419,VTA0251,PROD018,Calza Training,calzas,M,Violeta,1,30900,0,30900,30900
VPI00420,VTA0252,PROD017,Calza Training,calzas,M,Gris,1,32900,0,32900,32900
VPI00421,VTA0252,PROD027,Campera Running,camperas,M,Verde,1,56000,0,56000,56000
VPI00422,VTA0252,PROD026,Campera Running,camperas,M,Azul,1,60200,3000,60200,57200
VPI00423,VTA0252,PROD025,Campera Running,camperas,M,Negro,2,60800,1500,121600,120100
VPI00424,VTA0253,PROD047,Top Deportivo,tops,L,Rosa,1,24400,0,24400,24400
VPI00425,VTA0253,PROD052,Buzo Oversize,buzos,L,Blanco,2,52300,1500,104600,103100
VPI00426,VTA0254,PROD038,Short Deportivo,shorts,XL,Negro,1,23900,0,23900,23900
VPI00427,VTA0255,PROD033,Short Deportivo,shorts,M,Azul,1,23700,1000,23700,22700
VPI00428,VTA0255,PROD008,Remera Dry-Fit,remeras,L,Azul,1,17800,0,17800,17800
VPI00429,VTA0255,PROD059,Zapatilla Running,zapatillas,39,Azul,1,83500,0,83500,83500
VPI00430,VTA0256,PROD032,Short Deportivo,shorts,M,Negro,1,25300,0,25300,25300
VPI00431,VTA0256,PROD022,Campera Running,camperas,S,Negro,1,54900,0,54900,54900
VPI00432,VTA0257,PROD028,Campera Running,camperas,L,Negro,1,57800,2000,57800,55800
VPI00433,VTA0258,PROD021,Calza Training,calzas,L,Violeta,1,32500,0,32500,32500
VPI00434,VTA0258,PROD049,Buzo Oversize,buzos,M,Blanco,1,52100,0,52100,52100
VPI00435,VTA0258,PROD055,Buzo Oversize,buzos,XL,Blanco,1,48300,1500,48300,46800
VPI00436,VTA0258,PROD034,Short Deportivo,shorts,L,Gris,1,24300,0,24300,24300
VPI00437,VTA0259,PROD034,Short Deportivo,shorts,L,Gris,1,24300,1500,24300,22800
VPI00438,VTA0260,PROD015,Calza Training,calzas,S,Violeta,1,34400,0,34400,34400
VPI00439,VTA0261,PROD041,Top Deportivo,tops,S,Rosa,1,23300,0,23300,23300
VPI00440,VTA0262,PROD036,Short Deportivo,shorts,L,Azul,1,25500,0,25500,25500
VPI00441,VTA0263,PROD045,Top Deportivo,tops,M,Blanco,1,23500,0,23500,23500
VPI00442,VTA0263,PROD009,Remera Dry-Fit,remeras,L,Blanco,1,17300,0,17300,17300
VPI00443,VTA0264,PROD013,Calza Training,calzas,S,Negro,1,34000,0,34000,34000
VPI00444,VTA0264,PROD023,Campera Running,camperas,S,Azul,1,53700,3000,53700,50700
VPI00445,VTA0264,PROD046,Top Deportivo,tops,L,Negro,2,24200,3000,48400,45400
VPI00446,VTA0265,PROD010,Remera Dry-Fit,remeras,XL,Negro,2,17800,0,35600,35600
VPI00447,VTA0265,PROD006,Remera Dry-Fit,remeras,M,Blanco,1,18400,0,18400,18400
VPI00448,VTA0266,PROD056,Buzo Oversize,buzos,XL,Gris,2,53500,1500,107000,105500
VPI00449,VTA0266,PROD019,Calza Training,calzas,L,Negro,1,35700,0,35700,35700
VPI00450,VTA0266,PROD024,Campera Running,camperas,S,Verde,1,59200,0,59200,59200
VPI00451,VTA0267,PROD018,Calza Training,calzas,M,Violeta,2,30900,0,61800,61800
VPI00452,VTA0267,PROD047,Top Deportivo,tops,L,Rosa,1,24400,2000,24400,22400
VPI00453,VTA0267,PROD006,Remera Dry-Fit,remeras,M,Blanco,3,18400,1000,55200,54200
VPI00454,VTA0267,PROD024,Campera Running,camperas,S,Verde,2,59200,3000,118400,115400
VPI00455,VTA0268,PROD038,Short Deportivo,shorts,XL,Negro,1,23900,3000,23900,20900
VPI00456,VTA0269,PROD032,Short Deportivo,shorts,M,Negro,2,25300,3000,50600,47600
VPI00457,VTA0269,PROD008,Remera Dry-Fit,remeras,L,Azul,1,17800,1000,17800,16800
VPI00458,VTA0270,PROD043,Top Deportivo,tops,M,Negro,2,21000,0,42000,42000
VPI00459,VTA0271,PROD036,Short Deportivo,shorts,L,Azul,1,25500,0,25500,25500
VPI00460,VTA0271,PROD040,Top Deportivo,tops,S,Negro,1,24000,3000,24000,21000
VPI00461,VTA0271,PROD004,Remera Dry-Fit,remeras,M,Negro,2,18700,0,37400,37400
VPI00462,VTA0272,PROD042,Top Deportivo,tops,S,Blanco,1,23000,0,23000,23000
VPI00463,VTA0273,PROD032,Short Deportivo,shorts,M,Negro,1,25300,0,25300,25300
VPI00464,VTA0274,PROD041,Top Deportivo,tops,S,Rosa,1,23300,3000,23300,20300
VPI00465,VTA0274,PROD020,Calza Training,calzas,L,Gris,3,33000,1500,99000,97500
VPI00466,VTA0274,PROD033,Short Deportivo,shorts,M,Azul,2,23700,0,47400,47400
VPI00467,VTA0274,PROD036,Short Deportivo,shorts,L,Azul,2,25500,1500,51000,49500
VPI00468,VTA0275,PROD055,Buzo Oversize,buzos,XL,Blanco,1,48300,1000,48300,47300
VPI00469,VTA0276,PROD040,Top Deportivo,tops,S,Negro,1,24000,0,24000,24000
VPI00470,VTA0277,PROD041,Top Deportivo,tops,S,Rosa,2,23300,0,46600,46600
VPI00471,VTA0278,PROD001,Remera Dry-Fit,remeras,S,Negro,1,17800,2000,17800,15800
VPI00472,VTA0278,PROD034,Short Deportivo,shorts,L,Gris,2,24300,3000,48600,45600
VPI00473,VTA0278,PROD048,Top Deportivo,tops,L,Blanco,2,24200,0,48400,48400
VPI00474,VTA0278,PROD004,Remera Dry-Fit,remeras,M,Negro,1,18700,0,18700,18700
VPI00475,VTA0279,PROD027,Campera Running,camperas,M,Verde,2,56000,1000,112000,111000
VPI00476,VTA0279,PROD039,Short Deportivo,shorts,XL,Azul,1,24900,1500,24900,23400
VPI00477,VTA0279,PROD045,Top Deportivo,tops,M,Blanco,3,23500,3000,70500,67500
VPI00478,VTA0280,PROD036,Short Deportivo,shorts,L,Azul,1,25500,0,25500,25500
VPI00479,VTA0280,PROD059,Zapatilla Running,zapatillas,39,Azul,1,83500,1000,83500,82500
VPI00480,VTA0280,PROD021,Calza Training,calzas,L,Violeta,1,32500,0,32500,32500
VPI00481,VTA0281,PROD043,Top Deportivo,tops,M,Negro,1,21000,1000,21000,20000
VPI00482,VTA0281,PROD046,Top Deportivo,tops,L,Negro,2,24200,2000,48400,46400
VPI00483,VTA0282,PROD051,Buzo Oversize,buzos,M,Negro,1,47400,1000,47400,46400
VPI00484,VTA0283,PROD053,Buzo Oversize,buzos,L,Gris,1,48900,0,48900,48900
VPI00485,VTA0284,PROD051,Buzo Oversize,buzos,M,Negro,3,47400,1500,142200,140700
VPI00486,VTA0285,PROD041,Top Deportivo,tops,S,Rosa,1,23300,0,23300,23300
VPI00487,VTA0285,PROD046,Top Deportivo,tops,L,Negro,2,24200,0,48400,48400
VPI00488,VTA0285,PROD042,Top Deportivo,tops,S,Blanco,1,23000,0,23000,23000
VPI00489,VTA0286,PROD009,Remera Dry-Fit,remeras,L,Blanco,1,17300,1000,17300,16300
VPI00490,VTA0286,PROD011,Remera Dry-Fit,remeras,XL,Azul,1,19300,3000,19300,16300
VPI00491,VTA0287,PROD020,Calza Training,calzas,L,Gris,1,33000,1500,33000,31500
VPI00492,VTA0287,PROD032,Short Deportivo,shorts,M,Negro,1,25300,1500,25300,23800
VPI00493,VTA0287,PROD051,Buzo Oversize,buzos,M,Negro,1,47400,0,47400,47400
VPI00494,VTA0288,PROD043,Top Deportivo,tops,M,Negro,1,21000,3000,21000,18000
VPI00495,VTA0288,PROD022,Campera Running,camperas,S,Negro,3,54900,0,164700,164700
VPI00496,VTA0288,PROD024,Campera Running,camperas,S,Verde,1,59200,1500,59200,57700
VPI00497,VTA0289,PROD044,Top Deportivo,tops,M,Rosa,2,21400,2000,42800,40800
VPI00498,VTA0289,PROD021,Calza Training,calzas,L,Violeta,1,32500,1000,32500,31500
VPI00499,VTA0289,PROD025,Campera Running,camperas,M,Negro,1,60800,1500,60800,59300
VPI00500,VTA0289,PROD051,Buzo Oversize,buzos,M,Negro,1,47400,3000,47400,44400
VPI00501,VTA0290,PROD050,Buzo Oversize,buzos,M,Gris,1,52000,0,52000,52000
VPI00502,VTA0291,PROD014,Calza Training,calzas,S,Gris,1,34100,2000,34100,32100
VPI00503,VTA0291,PROD035,Short Deportivo,shorts,L,Negro,1,25300,0,25300,25300
VPI00504,VTA0291,PROD055,Buzo Oversize,buzos,XL,Blanco,1,48300,0,48300,48300
VPI00505,VTA0292,PROD053,Buzo Oversize,buzos,L,Gris,1,48900,1000,48900,47900
VPI00506,VTA0293,PROD035,Short Deportivo,shorts,L,Negro,1,25300,0,25300,25300
VPI00507,VTA0293,PROD001,Remera Dry-Fit,remeras,S,Negro,2,17800,0,35600,35600
VPI00508,VTA0294,PROD049,Buzo Oversize,buzos,M,Blanco,2,52100,2000,104200,102200
VPI00509,VTA0295,PROD056,Buzo Oversize,buzos,XL,Gris,1,53500,0,53500,53500
VPI00510,VTA0295,PROD035,Short Deportivo,shorts,L,Negro,1,25300,1500,25300,23800
VPI00511,VTA0296,PROD006,Remera Dry-Fit,remeras,M,Blanco,1,18400,1500,18400,16900
VPI00512,VTA0296,PROD020,Calza Training,calzas,L,Gris,1,33000,0,33000,33000
VPI00513,VTA0297,PROD037,Short Deportivo,shorts,XL,Gris,1,23900,3000,23900,20900
VPI00514,VTA0297,PROD056,Buzo Oversize,buzos,XL,Gris,1,53500,0,53500,53500
VPI00515,VTA0298,PROD043,Top Deportivo,tops,M,Negro,1,21000,0,21000,21000
VPI00516,VTA0299,PROD010,Remera Dry-Fit,remeras,XL,Negro,1,17800,1500,17800,16300
VPI00517,VTA0299,PROD037,Short Deportivo,shorts,XL,Gris,3,23900,0,71700,71700
VPI00518,VTA0300,PROD009,Remera Dry-Fit,remeras,L,Blanco,1,17300,3000,17300,14300
VPI00519,VTA0300,PROD044,Top Deportivo,tops,M,Rosa,1,21400,1500,21400,19900
VPI00520,VTA0300,PROD047,Top Deportivo,tops,L,Rosa,2,24400,3000,48800,45800
